insert into Account values('U0000', '123', 'alan', 'abc@163.com')
insert into Account values('U0001', '123', 'beta', 'abc@163.com')
insert into Account values('U0002', '123', 'chaos', 'abc@163.com')
insert into Account values('U0003', '123', 'dolf', 'abc@163.com')

insert into Document values('D0000', 'title0', 'D:\root\doc\user\title', '2018-05-16 00:00:00.000', '', 1)
insert into Document values('D0001', 'title1', 'D:\root\doc\user\title', '2018-05-16 00:00:00.000', '', 1)
insert into Document values('D0002', 'title2', 'D:\root\doc\user\title', '2018-05-16 00:00:00.000', '', 1)
insert into Document values('D0003', 'title3', 'D:\root\doc\user\title', '2018-05-16 00:00:00.000', '', 1)
insert into Document values('D0004', 'title4', 'D:\root\doc\user\title', '2018-05-16 00:00:00.000', '', 1)

insert into Document_History values('D0004', 'title4', 'D:\root\doc_history\user\title', '2018-05-16 00:00:00.000', '', 2)
insert into Document_History values('D0004', 'title4', 'D:\root\doc_history\user\title', '2018-05-16 00:00:00.000', '', 3)
insert into Document_History values('D0004', 'title4', 'D:\root\doc_history\user\title', '2018-05-16 00:00:00.000', '', 4)
insert into Document_History values('D0000', 'title0', 'D:\root\doc_history\user\title', '2018-05-16 00:00:00.000', '', 2)
insert into Document_History values('D0000', 'title0', 'D:\root\doc_history\user\title', '2018-05-16 00:00:00.000', '', 3)

insert into Contributor values('U0000', 'D0000', 'P')
insert into Contributor values('U0000', 'D0004', 'P')
insert into Contributor values('U0001', 'D0001', 'P')
insert into Contributor values('U0002', 'D0002', 'P')
insert into Contributor values('U0003', 'D0003', 'P')
insert into Contributor values('U0001', 'D0000', 'E')
insert into Contributor values('U0002', 'D0000', 'E')
insert into Contributor values('U0002', 'D0001', 'E')
insert into Contributor values('U0003', 'D0001', 'E')
insert into Contributor values('U0003', 'D0002', 'R')
insert into Contributor values('U0003', 'D0004', 'R')

insert into Contribution values('D0000', 'C0000', 'U0001', 'D:\root\commit\title\user', '2018-05-16 00:00:00.000', 'W')
insert into Contribution values('D0000', 'C0001', 'U0001', 'D:\root\commit\title\user', '2018-05-16 00:00:00.000', 'W')
insert into Contribution values('D0000', 'C0002', 'U0002', 'D:\root\commit\title\user', '2018-05-16 00:00:00.000', 'W')
insert into Contribution values('D0001', 'C0000', 'U0001', 'D:\root\commit\title\user', '2018-05-16 00:00:00.000', 'W')
insert into Contribution values('D0001', 'C0001', 'U0002', 'D:\root\commit\title\user', '2018-05-16 00:00:00.000', 'W')
insert into Contribution values('D0001', 'C0002', 'U0002', 'D:\root\commit\title\user', '2018-05-16 00:00:00.000', 'W')
insert into Contribution values('D0002', 'C0000', 'U0002', 'D:\root\commit\title\user', '2018-05-16 00:00:00.000', 'W')
insert into Contribution values('D0002', 'C0001', 'U0002', 'D:\root\commit\title\user', '2018-05-16 00:00:00.000', 'W')
insert into Contribution values('D0002', 'C0002', 'U0002', 'D:\root\commit\title\user', '2018-05-16 00:00:00.000', 'W')

insert into Invitation values('D0000', 'U0000', 'U0003')
insert into Invitation values('D0001', 'U0001', 'U0000')
insert into Invitation values('D0002', 'U0002', 'U0001')
